alpha,beta,gamma,delta,epsilon
51.5584,46.4344,107.8996,111.9621,59.2286
67.9571,52.5921,54.2481,118.389,30.4562
39.6699,63.7544,83.1317,83.706,92.4896
50.985,30.7898,73.7353,17.3676,110.1246
25.4113,30.3148,40.5346,77.4198,83.9765
45.2177,60.0165,88.2777,73.2689,87.7584
40.9019,63.1223,110.6594,67.382,82.8637
6.2892,42.7485,111.935,29.692,107.2565
100.4891,65.6905,61.7866,87.0836,93.5699
25.1668,65.1698,61.373,105.3378,58.9223
46.3544,39.0428,37.5902,44.2523,84.4217
15.3556,58.7014,107.1071,93.4925,85.3028
33.6,50.4306,48.4163,111.5016,60.9239
57.1442,29.2478,96.8476,57.3107,94.2393
60.6848,70.7611,67.8259,64.6073,114.0237
-0.4148,34.3901,6.4083,72.1983,83.7435
50.5805,65.2746,75.3758,98.4104,77.2734
48.0722,73.7621,81.9709,89.779,110.2542
23.1691,15.5956,59.3762,98.4423,103.0797
67.2035,43.2892,80.6777,99.7164,143.3574
91.6156,34.6932,81.5952,97.1132,71.8911
42.4686,34.9001,92.6739,95.6024,80.7063
56.0615,68.3306,28.517,80.1272,71.4998
32.0525,65.2478,46.0116,135.7426,92.7451
31.4703,63.271,44.3267,116.0191,100.5872
19.36,61.9929,82.1424,70.9965,113.3079
54.7316,79.1175,44.685,35.0319,113.3918
40.9693,77.5982,48.192,85.2975,107.8049
65.7572,65.0333,47.8838,93.5734,43.7837
67.6624,48.0123,48.7713,83.4163,117.6271
35.7271,90.3554,60.1201,76.9008,99.7581
41.5745,49.4184,83.1818,125.7811,85.0736
46.838,50.8459,50.5491,64.7342,125.9653
47.1894,91.9909,65.8881,106.1599,99.6815
60.4922,111.9814,157.4068,88.6392,91.4973
69.605,43.7566,73.8238,96.7429,74.3032
42.9227,90.629,50.235,108.4969,68.6598
56.331,64.7031,69.3584,78.4788,121.4581
37.5953,188.2162,64.1799,54.481,100.3715
71.1397,79.152,80.1101,32.4517,13.6914
6.676,71.0296,87.2588,109.6075,114.3431
54.7695,66.7935,93.8832,87.805,76.6481
37.1477,63.6422,74.2872,26.167,110.6019
22.4528,52.1123,108.4127,66.747,105.0679
13.5587,55.1207,85.9838,73.8148,66.2396
48.0456,70.2781,93.7294,74.3066,111.7925
54.5434,37.2918,78.3155,72.7381,105.4671
58.3424,71.3879,35.6436,60.9177,106.1692
85.1351,98.3115,63.1189,121.2491,112.7201
56.2947,30.0807,84.9979,96.8407,81.7676
75.2731,51.051,56.3886,108.8663,72.3449
32.1821,62.6571,95.5411,90.7855,73.143
17.7336,62.0162,86.9224,74.8594,45.5884
35.7538,61.3158,94.5105,83.1421,118.5373
37.2355,29.8925,78.0424,47.4807,103.0715
49.1452,60.4198,57.3907,43.821,28.4852
59.1539,67.8734,66.8066,113.4312,84.5478
63.2317,65.5114,63.0489,21.02,58.4179
55.4775,36.442,96.761,59.1412,90.533
10.4475,44.6177,52.293,100.9552,86.9693
57.5233,66.9382,89.3951,104.6243,219.3724
40.9293,76.1045,91.3968,8.9478,79.0485
37.4495,24.7787,66.2127,93.8808,54.8487
65.0256,88.0087,91.05,116.8432,85.1525
68.9897,68.7496,26.4694,75.0311,112.496
30.3484,78.0226,84.1549,74.1033,140.4861
60.2973,87.2284,72.5151,30.7932,106.0852
30.6329,103.5018,61.7252,70.5425,92.8068
35.4772,64.6433,96.4058,81.9552,36.67
39.3505,107.4374,86.7997,91.2231,115.026
89.7674,43.8893,56.9676,119.9499,68.3178
46.3444,44.1022,64.1965,34.0101,115.7835
48.9735,22.5339,74.9719,49.5169,55.2925
94.3335,79.7133,64.7206,85.1558,126.5995
69.6947,114.555,79.2284,100.353,105.6406
24.9744,55.5849,82.1764,88.1477,80.583
41.5101,69.4793,87.231,37.2826,134.9485
38.829,70.6918,55.7254,52.2047,55.1206
12.3971,71.8921,74.8657,39.5421,78.7408
65.8916,77.6517,71.5782,86.8121,97.7491
38.8782,46.4207,20.1549,95.8673,107.8426
70.6473,57.8956,61.5896,90.6589,78.873
67.1113,34.399,77.9191,93.3566,93.6717
102.7122,43.6016,76.8223,75.2444,133.1735
32.3954,52.6347,35.6862,66.7213,115.8167
70.9897,122.3451,13.1035,88.5142,52.7963
59.9804,79.7235,54.3112,81.8014,85.8025
54.9408,47.9102,32.1989,86.12,107.5589
63.8567,58.5769,-64.2635,55.4011,81.4251
0.1433,23.7207,49.7505,92.0071,65.4275
71.1489,70.4627,71.1874,54.9427,79.3276
49.9314,77.7729,64.6296,113.8057,70.4728
34.5012,53.5399,80.8911,104.5074,49.1726
51.3412,80.8785,81.0198,74.6624,55.5135
35.3584,117.4914,108.2205,69.717,99.2666
82.0347,77.4818,50.8637,100.1371,96.3739
48.0733,17.2069,98.4747,145.0927,127.5275
58.0512,54.2539,115.6187,83.6462,84.0747
48.1145,56.0684,78.5808,65.6694,62.3811
2.5799,2.6749,54.2421,91.4127,42.9432
62.6159,72.8246,160.501,69.7405,101.0571
3.901,75.0054,94.1971,80.489,99.4419
89.3375,25.1434,81.9602,97.137,106.7894
7.4441,25.0494,53.4072,73.3816,103.5932
49.7908,54.8573,79.9207,69.478,97.5463
47.0619,41.0848,76.4411,35.8582,97.9584
75.4572,54.0722,49.8794,81.961,86.5226
21.6774,53.7006,75.4486,38.1849,121.0909
72.4768,35.7537,37.2512,143.4965,78.6559
18.6635,51.2674,73.8598,98.6014,99.5373
60.2552,73.4876,78.8885,75.7543,97.4249
42.0588,33.498,61.2877,100.1392,56.3225
29.5082,80.8304,78.4369,27.8111,95.1314
31.5961,20.2068,32.648,127.6808,67.661
62.3123,52.0865,57.3081,67.1797,127.359
62.9278,81.3179,93.8637,-17.1625,63.1636
53.1403,47.6984,99.119,45.8819,66.7489
43.4102,144.0386,68.4313,80.0007,138.0446
29.9898,94.5992,32.348,107.8083,95.7878
72.298,72.0303,58.2381,99.1261,114.7472
31.9952,66.2252,95.6607,77.0709,86.0773
43.9771,59.937,50.557,63.9735,74.044
44.2905,57.6723,47.7033,55.2638,101.8372
37.8859,67.5366,42.0306,133.6007,71.4005
65.1304,55.7781,25.4166,136.9306,116.9736
76.4001,57.2247,71.8088,99.7171,84.233
38.8815,65.2465,84.7545,83.0717,104.2073
-76.9561,42.6472,69.3728,33.8079,37.1381
63.9301,-7.0341,43.1014,82.1526,143.0071
16.5298,-11.2612,74.9137,69.0195,74.8785
55.9879,45.6015,34.9246,62.6239,2.5022
54.8346,35.1314,72.025,76.0942,99.6455
72.6348,34.8165,125.8602,108.9779,85.0055
32.6643,31.1362,100.507,80.352,98.4594
38.5696,80.9277,70.9185,74.0133,117.2921
75.3053,53.0364,102.919,36.1974,96.9349
40.1442,15.7279,51.7241,49.9535,86.9682
74.458,32.906,70.2159,56.2169,92.6509
49.0482,70.0607,80.9262,102.9466,99.5924
-5.6502,80.9981,47.6569,81.9274,76.1778
52.7139,105.9441,103.398,45.2123,105.2217
67.9604,30.8885,67.1861,113.2687,67.4601
46.8122,26.0331,43.7314,46.1044,139.7615
50.9919,57.9611,68.8143,-5.0661,70.1133
32.7368,90.4914,-31.2955,27.3113,130.7012
23.176,98.4932,60.4594,70.7759,67.0503
54.0826,50.2286,58.4089,99.7166,104.2711
58.8806,80.8007,68.5667,53.1984,105.6849
25.7493,63.9049,59.0751,110.6738,102.8881
38.8841,49.6242,46.1923,78.3548,40.972
46.279,48.5346,71.6891,70.8365,117.4081
44.0366,28.9525,99.9917,73.6884,86.4504
73.1852,76.7874,78.4097,43.1049,121.5411
30.0088,78.8844,60.8389,71.4464,63.068
74.6356,18.7955,96.7191,72.0401,66.293
34.2509,224.564,79.9853,94.3869,89.7797
42.9527,44.3511,89.0405,94.5676,71.6617
103.5494,56.5891,58.7513,90.5075,87.262
29.9782,85.4725,91.1357,-44.58,105.0479
68.5957,54.4319,42.4469,107.0928,29.2187
61.3095,80.5999,52.4655,66.7203,74.8277
31.5769,58.2717,69.7497,91.2714,89.2298
90.8671,59.0669,57.685,148.1834,94.5712
75.7433,41.9283,52.3238,101.9523,136.0151
66.7419,21.248,28.7502,145.8726,122.5035
42.312,33.9369,48.9779,70.454,83.6008
27.4929,64.1688,94.1054,77.0651,83.5342
43.07,37.8339,88.6286,55.5359,95.7749
58.7367,51.0139,75.5057,70.1812,103.4815
63.6558,65.8332,101.3659,85.2555,120.057
77.7738,28.644,48.0722,124.1332,100.1619
99.239,84.1843,69.1396,66.8294,123.5825
57.1746,16.874,34.766,67.0165,68.663
37.454,46.0672,91.0736,109.2002,85.1725
59.613,50.7199,16.4318,66.4888,118.5791
54.4195,148.6808,67.4899,75.5438,75.8654
82.2568,69.97,96.2188,102.6531,82.2923
62.8372,37.7557,74.759,98.2242,104.1221
71.7346,69.3042,39.0407,72.6811,115.9506
48.5652,42.0424,112.5656,98.2282,122.4694
38.3527,56.8657,51.4213,83.7026,119.8444
32.956,73.9832,95.926,120.0448,77.484
-24.0601,39.6881,56.7032,82.9385,131.3559
37.2671,102.929,55.3298,76.9039,127.4962
38.9143,19.1113,83.7987,80.4687,105.6311
32.6935,45.1528,60.5056,101.149,25.8394
49.6691,78.0771,56.4507,95.7403,40.9692
53.3673,64.9182,64.049,142.2173,53.0404
70.3355,80.0965,25.7505,96.2278,80.7432
38.565,79.357,83.8923,106.0556,76.5344
63.1583,30.6517,73.2341,198.5033,80.2089
37.7858,64.5903,53.9627,95.9511,86.9324
74.5025,55.3861,56.1242,84.8634,122.4336
75.518,62.0669,62.7664,76.8429,91.9954
30.9285,83.1025,103.0969,122.8494,112.153
47.4151,73.7645,101.741,53.2843,69.3429
47.8303,56.4112,74.4213,85.6056,34.0303
36.8649,111.7727,96.6888,96.2969,111.5634
82.2451,72.4561,50.8821,56.6319,92.7266
68.6727,33.8436,91.5453,72.6231,83.4754
100.4954,59.9293,102.5909,52.3934,74.0308
51.5216,35.8852,138.1305,135.6312,119.9387
62.723,29.5727,88.4054,-47.9951,145.6399
81.4124,97.8383,64.0921,37.3791,109.8079
30.1654,49.2583,57.1715,72.9309,62.2498
55.9931,56.8728,79.2124,90.495,124.5415
39.1405,38.9688,97.8462,51.6669,63.4068
67.5365,42.4574,53.0732,57.8764,170.8214
57.0815,66.8339,105.6961,31.8381,82.7286
75.1711,48.6502,79.5613,59.7888,85.2735
90.0499,94.3088,81.5731,120.2208,107.158
62.0831,82.1496,97.0585,108.2776,111.3161
49.8952,48.5818,83.5603,106.1138,77.0187
46.9306,87.5711,104.2187,85.2125,99.9244
59.6593,65.8693,23.9109,75.4585,108.0443
45.3902,88.1721,73.1662,117.0028,65.1045
31.9617,86.7651,66.3829,53.4155,69.4075
58.2418,38.2288,71.3247,67.8399,103.3231
59.944,60.8744,127.906,107.4891,71.2798
54.4003,42.4521,45.0639,55.6215,90.568
18.4006,66.347,63.0862,91.1308,78.9177
31.4491,85.7987,43.9988,106.2617,43.7906
68.899,58.8114,64.6896,81.2729,86.154
59.4261,63.5159,101.508,84.8045,92.8456
17.3902,53.5581,26.2985,82.1125,62.5996
77.7647,26.22,85.165,72.5612,77.8752
51.2615,102.7784,-113.5852,98.3973,115.1704
51.0411,35.9099,50.1464,45.3071,83.3816
65.8921,51.3352,72.4224,115.3649,75.3572
50.7793,19.1729,95.6932,144.4777,81.247
57.7738,54.0848,33.3268,61.374,65.619
69.3379,82.2062,91.6922,46.3399,156.3871
54.042,47.4434,49.3343,138.9481,44.2564
26.7319,75.8989,65.5501,63.4313,69.7899
47.7655,84.5721,98.5465,99.8213,60.4031
75.3342,31.1491,34.7117,118.0639,139.7484
40.4007,76.5551,98.9735,43.0658,58.8708
64.6557,80.1583,48.9849,92.057,66.2798
-1.0547,60.6543,63.003,92.1131,84.2034
67.9498,64.3552,80.303,83.0238,122.5379
111.2944,40.2557,68.863,86.5041,174.3904
62.5693,54.0119,86.3226,95.4119,132.3174
79.4366,49.9522,82.7811,77.4977,149.3184
78.986,53.633,74.1081,68.296,7.2237
41.6866,28.4847,68.6637,12.2967,57.7229
87.5631,63.638,26.8542,106.9591,70.2104
29.2788,103.5816,161.5911,91.6229,71.721
64.2422,60.1213,83.3635,68.4428,105.5323
35.8014,58.6302,83.0617,64.8691,130.2647
58.3052,19.9713,63.9407,90.4282,116.1523
42.9979,74.909,48.4385,89.015,110.8234
50.9839,83.4827,66.6862,42.912,48.2393
30.4075,39.9822,53.4496,112.5819,62.6198
61.1084,39.6923,45.3948,112.5494,76.0532
30.9736,52.0706,58.9212,77.0694,75.6752
43.9409,63.5387,88.4572,80.1169,114.2504
63.1586,40.9318,30.0171,50.7227,82.6692
41.5308,51.2237,91.7833,40.0441,117.1718
42.8637,61.8864,86.1618,68.2829,132.1795
32.3108,30.3284,70.2391,96.1032,182.6316
69.8365,41.2493,84.0894,128.4561,47.6552
62.5859,55.9245,79.9975,65.9761,61.0197
41.3409,40.7868,52.8983,68.7855,84.8744
63.7101,57.1642,76.1146,111.5618,106.9608
20.4217,65.9503,61.45,69.9913,109.6473
40.1144,28.8321,77.5633,69.3275,98.754
3.279,60.819,68.5011,67.6979,67.4941
46.8791,59.2178,68.9673,37.2433,103.2285
26.2969,65.0437,85.9373,92.713,115.3605
43.0067,16.4908,84.0852,43.4989,59.1211
38.8942,12.1903,129.5653,89.3544,120.4632
5.4396,36.9033,61.845,139.7115,85.2152
50.5417,15.188,76.8691,89.7653,78.3612
55.5239,51.7318,61.0582,98.4597,126.3075
36.7372,65.5836,218.6691,71.8656,111.5381
32.1478,85.8673,32.9406,93.7041,72.7152
36.8896,69.0752,77.3417,55.3961,123.05
46.8781,79.8799,83.2157,44.0846,76.7909
44.2112,15.1745,79.91,80.1866,105.299
27.5659,52.2292,31.3635,43.7085,81.4726
71.4922,27.4003,56.698,31.1072,88.6326
20.2387,71.0996,44.8593,-37.4675,96.2265
56.6991,59.8969,40.0731,96.1647,106.6614
71.4783,-11.8203,65.3107,80.1145,43.6096
72.5404,75.7204,62.0779,76.7892,69.7011
50.0655,36.7705,89.324,40.3037,64.3415
66.4902,60.5549,70.3813,118.5295,115.6275
-13.4223,75.6165,113.4945,76.7339,47.0021
43.8229,42.0413,102.9919,89.3209,93.6053
58.8492,51.6591,38.3482,65.3847,100.1223
51.0329,55.5157,77.6582,66.4382,81.1149
82.6785,50.5282,28.1335,33.7131,87.6339
42.8644,52.2211,24.0386,120.3863,5.0365
35.975,66.6714,87.0367,52.1372,141.125
39.2132,68.8687,73.6839,132.6249,59.1141
59.5174,18.3401,81.1988,119.4158,-2.1923
33.9325,153.3026,43.9501,60.7596,237.2374
50.821,84.2677,52.8759,51.6381,111.2309
47.2969,29.7262,100.3896,71.063,39.7485
77.6393,103.4976,74.9485,73.643,96.6312
56.561,80.1588,82.1668,39.3556,80.5368
60.9359,81.3288,95.3464,62.745,82.2277
46.4145,13.4354,57.5047,62.4745,81.2921
34.9192,82.749,56.3368,41.5669,59.504
57.5131,63.2163,67.5437,116.2041,107.4958
28.298,56.9457,46.1669,-15.9443,88.7133
67.4015,53.8519,63.6826,117.9099,120.0682
12.5635,34.4298,62.7761,131.7583,117.5437
59.1398,67.2104,105.3192,91.9633,99.8002
37.1349,57.3557,98.3807,32.3576,98.8778
81.0541,33.8294,58.8951,71.7998,73.2811
46.5401,37.0573,45.576,92.2554,83.8598
48.9116,68.523,20.9549,64.4569,82.8708
51.3334,66.2445,45.5437,104.6087,110.8091
36.5434,72.919,51.8847,109.2714,124.0031
86.3504,40.3381,49.2296,65.6551,63.1917
51.861,75.4757,82.3818,40.0353,129.6381
31.225,55.3383,86.0317,84.7035,80.1608
19.3315,77.4051,112.7886,36.2446,55.2109
39.7388,94.5388,57.0792,96.4284,95.7807
33.857,78.3094,99.0426,100.736,98.8971
48.1493,93.9552,44.7742,104.0614,103.3998
90.2878,16.4988,104.7044,78.0277,139.4078
22.5574,17.0694,56.5243,79.8759,15.4029
82.9905,56.1185,75.9958,83.1796,67.0101
82.3434,77.2201,113.8741,61.3901,82.5779
26.3367,51.7854,66.1122,57.5129,77.1941
91.9133,12.6064,34.7365,205.4868,64.7988
23.9556,89.0993,23.051,35.5867,60.0325
46.1698,70.8835,118.5243,89.2593,80.6382
68.1753,33.319,69.4758,84.2189,103.1548
50.3595,65.4732,102.3195,96.5229,87.2001
49.3492,38.1218,49.3791,97.6662,65.8424
40.9289,16.1198,78.6938,111.6795,92.5081
26.7158,91.8749,18.4972,84.9027,44.6994
60.9206,62.6073,66.8231,68.7221,170.157
38.5012,20.027,88.6643,52.1454,112.5296
37.6531,55.5833,44.0646,66.5836,70.4422
32.0644,71.9,75.4902,54.5133,115.6507
64.1882,62.4803,73.013,86.9525,55.6809
54.102,47.5738,99.1287,97.3107,143.4489
58.6553,27.6876,78.127,38.8272,-13.8616
66.3279,50.5723,14.6652,99.7912,72.1706
30.6386,101.3182,77.7435,66.9234,113.7596
57.177,56.3869,51.576,117.5243,51.7182
42.2355,84.5912,56.6663,79.5676,93.9992
24.6394,-1.4231,66.5856,110.2182,76.0455
65.8967,85.0604,68.5016,79.6585,125.2748
36.4506,63.2187,121.2568,70.0999,83.1004
43.6852,33.9213,94.5373,83.7601,50.1936
89.8108,71.0845,82.188,100.5625,47.8728
81.0909,40.5556,66.5199,49.2793,96.4596
45.7805,66.2375,97.794,40.0204,69.2697
46.5809,91.9854,32.9328,83.8069,85.1209
81.8489,59.1123,51.5558,67.5612,129.5409
43.5298,34.4252,24.265,66.025,32.5529
31.8996,54.7434,68.1727,113.0318,133.082
75.5582,45.8171,101.7604,117.2965,82.1851
38.0172,30.6815,61.9129,64.7544,99.7376
47.3114,74.0853,108.2103,87.081,108.4272
59.4448,36.116,98.5731,56.3493,99.3452
89.5459,29.6997,73.5404,88.2807,-26.4862
49.1984,79.3071,59.2623,111.6163,86.9825
73.0576,45.1475,67.5164,95.1563,122.5221
48.7917,59.4742,99.2114,66.3751,83.84
77.1221,94.5926,79.8843,69.1639,85.4545
76.0457,69.8054,154.0558,-3.8297,140.5163
53.8605,23.1974,106.3578,68.3518,90.0362
19.378,94.1868,103.6724,98.6427,70.1001
43.1533,91.4825,77.5763,45.7547,71.1841
63.1843,74.4271,100.5069,82.5124,68.1694
100.0076,6.6378,47.6541,74.2994,105.1645
61.4425,39.9944,74.5645,90.7635,-33.8379
75.5431,78.3637,147.9793,52.3384,94.132
52.904,58.5101,80.5573,30.7958,99.9241
80.7199,76.8166,72.3445,52.85,47.8635
63.9678,45.843,30.9157,133.6669,101.3248
48.0187,25.1703,60.3588,62.0578,138.7257
52.0705,48.5665,78.8681,106.6595,96.808
103.2504,98.7462,85.5395,42.8452,107.2966
51.0779,76.0657,111.0527,69.7601,105.113
29.566,53.2397,79.1745,66.0593,122.422
65.2508,99.5426,74.9115,107.6641,81.1986
94.6291,34.0542,106.6295,84.4582,130.7074
74.0103,95.9793,74.0963,61.4484,100.4937
55.3723,111.6394,86.5753,97.0001,85.6086
43.7629,55.3149,127.1069,34.4406,132.1021
85.3055,86.9772,49.9376,80.5298,127.5237
47.946,74.1913,39.9729,107.3051,60.6785
63.5962,42.0354,46.4913,68.614,61.4835
35.527,77.7594,64.9261,106.9027,128.6526
73.9456,60.8015,70.5315,38.5982,150.6041
27.3063,122.9842,54.9104,34.4585,118.0315
62.1353,34.4985,54.2944,118.5741,89.4628
20.742,58.3642,80.1642,57.1902,118.1691
42.3625,64.2647,35.2459,78.8047,61.8284
39.7897,48.1221,40.214,100.5084,95.2775
65.4714,46.6856,102.6425,50.2913,111.0793
23.1963,68.6056,64.5173,99.056,124.888
28.396,89.3971,17.2974,60.4236,88.0675
51.8873,55.2928,43.4274,82.0223,136.3947
25.5388,44.078,94.9018,109.9109,93.1861
43.2382,75.9904,133.0975,147.612,143.7911
70.1044,65.0807,86.008,96.9395,40.0655
31.0714,88.8559,74.4834,106.4774,130.6565
45.7039,85.5895,41.6159,127.5667,105.815
95.0851,53.357,65.1921,87.1599,60.6006
28.5119,54.1602,74.944,93.5594,111.0989
85.267,55.6113,116.2237,60.5958,55.1741
54.8562,75.0711,56.3438,113.3183,36.2772
20.4432,21.3725,70.7777,66.1375,132.229
64.2429,48.5892,41.725,69.8207,72.4344
27.786,100.3171,72.8316,54.8002,102.7032
23.1104,20.6296,72.2518,64.2524,86.2011
58.1759,55.5597,90.798,92.7091,88.1182
38.1624,68.8336,83.9926,58.3874,90.4512
53.633,89.9285,102.519,77.0417,71.3165
85.3715,75.7797,102.1158,64.3171,-35.0336
62.0838,45.1318,56.7807,38.2482,70.0195
80.8793,72.9583,68.9795,78.6477,60.3172
54.0385,38.8557,82.8558,69.165,110.5026
16.2849,50.0781,83.7899,121.4511,68.6481
59.2102,34.5318,102.4429,-22.2357,87.0347
56.723,90.6584,61.3108,111.571,107.232
46.7784,48.7269,50.8201,102.1132,73.7045
48.9177,29.314,126.2652,84.6936,88.0398
28.4936,64.5968,47.9007,91.2218,72.228
80.4067,-20.3837,90.9016,104.493,97.1249
24.8448,68.494,103.069,61.079,93.0894
61.7971,75.7549,47.0562,54.9705,94.4745
34.4247,51.6348,79.4059,99.1504,101.7083
29.5936,4.4292,12.6349,70.817,105.3184
69.099,61.6555,42.9846,69.3337,77.3644
30.5522,88.5089,68.4064,148.4752,72.9565
49.1818,51.2003,60.7743,111.1456,106.8098
77.3489,80.0466,69.9907,60.1445,75.8127
58.4037,114.1584,68.7286,28.9225,115.105
75.9268,33.7001,55.253,38.1735,120.2196
79.9669,78.8508,79.8138,77.6185,84.5392
49.2822,66.3637,70.2638,72.7334,117.8818
39.3575,82.9752,64.5227,76.1328,71.5547
-1.9002,47.4327,59.873,114.5402,40.5019
50.6533,109.6538,38.6437,104.0864,81.1609
50.9111,95.1376,93.824,104.9432,44.0524
53.3239,40.4826,63.1304,73.2403,84.2345
48.449,56.1218,77.1614,54.1847,119.6102
66.906,48.0614,80.5242,69.2475,109.3063
22.9459,41.023,76.2966,82.2458,85.5862
44.2876,54.0339,77.9928,76.0607,90.4618
-74.1295,31.8792,104.2906,107.9893,42.6622
50.9747,36.3867,99.8443,115.3849,96.9637
51.9616,66.6921,52.9872,72.9607,50.8359
33.7039,47.8105,49.7355,88.9098,95.801
53.1852,68.3845,32.6742,58.655,88.3516
56.4747,47.8867,69.3039,81.3962,100.8115
29.7165,58.4429,27.7234,83.6705,85.0815
61.2357,43.9263,91.0555,84.0299,83.1351
12.2531,47.1454,91.4141,112.1188,91.8835
32.7326,43.1967,98.0041,61.1791,82.1503
41.1436,70.5749,65.7605,117.6768,132.3725
78.6284,37.882,41.6845,87.5009,119.5669
50.738,116.3354,68.7206,62.17,97.3032
9.2874,62.2354,91.0717,40.262,104.8079
53.7462,77.5485,70.8588,49.4566,132.7351
53.054,41.8892,70.1727,92.6154,69.9387
39.2694,81.8378,88.5626,76.6289,68.4209
84.3487,20.7329,73.9435,65.4662,115.092
81.6507,84.6655,74.3517,74.5981,128.1001
38.1602,56.9466,64.6942,71.3315,118.3262
10.0998,38.3777,49.9584,40.5666,103.9342
50.5496,70.9181,26.6658,59.7349,125.3912
55.1216,72.5081,78.3925,58.9501,78.5494
33.6482,53.0277,62.9657,99.3606,-74.2279
66.5547,48.1049,85.1292,88.3579,76.59
44.9971,51.3114,121.6202,69.0056,86.7464
42.0391,78.3654,72.6289,92.1744,116.2395
48.5194,57.331,31.3807,66.9419,114.748
30.5495,56.5591,60.1791,80.4035,76.948
93.3077,39.1698,40.2492,96.304,47.1051
77.2487,71.1203,54.6836,106.8409,81.2646
64.6575,35.7974,54.0777,124.0962,112.3965
46.5828,27.9957,98.943,-26.0259,120.5063
30.255,62.841,107.6978,89.365,93.485
47.0996,76.3264,59.8141,215.0114,124.7957
57.3718,27.9743,52.3109,70.9868,106.5701
57.187,61.5072,91.0316,103.9436,74.8114
69.3705,70.4755,199.1179,92.6775,158.956
74.3347,46.8178,54.3546,122.3031,154.9756
16.466,34.4156,58.8609,101.0668,58.1561
98.1708,86.1811,94.1951,69.1741,99.0865
57.675,101.4855,73.3155,111.4138,90.0505
-2.2075,27.1204,91.5673,83.211,246.5098
31.2511,43.3429,58.8062,47.0138,120.7659
44.0096,36.3556,72.9319,30.3465,173.2755
53.0814,76.7696,104.0714,182.3297,92.6808
36.0418,65.0375,48.9682,45.6449,83.8704
75.7158,33.7624,103.6555,94.7195,94.2004
66.7694,64.36,45.6061,112.8983,121.233
31.5164,86.0791,59.7992,69.1984,24.7076
58.4566,70.1028,70.9816,50.4144,95.1276
45.6524,69.7492,62.7239,92.7573,13.8177
35.0793,51.2443,25.8318,82.1625,23.6861
35.4133,91.2364,110.3611,13.7028,84.1861
48.3408,41.3467,16.3856,63.8273,90.9697
28.8409,52.0112,61.2031,102.042,63.3907
38.3074,40.8995,59.2542,89.0854,79.2738
74.0818,94.4678,65.1866,119.8999,110.1281
21.0193,30.3145,111.0648,99.9198,77.0212
80.3843,47.8351,64.4933,91.029,19.2241
71.6369,59.9356,42.4397,142.2572,107.3335
66.4932,53.9408,69.6694,65.7406,131.9737
52.0719,58.9047,57.5494,96.9568,-13.7264
80.4216,67.2597,95.2455,136.8592,91.0828
64.2487,53.8929,80.2749,54.9015,86.6213
46.742,84.3999,39.3319,77.254,77.4315
28.8552,51.1531,38.1265,82.5348,73.8203
53.1581,101.1418,51.9265,68.2591,74.0591
25.9639,62.4485,109.4503,55.9963,86.6448
56.9039,64.325,34.697,88.1658,51.0021
49.1159,68.9218,23.8613,71.5239,82.8287
69.2538,60.4747,19.281,91.6451,68.4291
71.827,43.4755,38.6811,56.9654,60.9239
62.1222,91.888,79.6267,72.8861,34.1449
62.728,81.2236,93.3872,66.4657,109.2553
51.371,28.3031,82.0094,94.8555,67.2252
70.7635,78.3723,89.1494,63.1217,104.0757
33.1538,59.5975,96.7574,287.5385,55.4545
30.4682,67.5674,77.4294,104.955,63.6403
65.7327,45.6764,65.3337,83.8237,129.6434
49.7844,62.0053,62.7604,77.9998,123.5851
55.2615,21.9514,91.5824,85.7271,52.4085
54.2959,57.7046,78.0123,59.5621,81.3241
39.8801,58.2112,104.9882,94.003,81.955
61.8272,28.2975,74.6974,23.7908,123.2825
41.6879,24.0243,55.268,67.897,18.4686
39.3969,84.1715,78.8811,108.8973,84.1331
12.5131,69.1665,56.6274,51.3642,84.7855
63.3643,68.87,89.289,89.0102,53.6626
59.0144,19.8846,82.526,72.9301,99.9555
66.8242,34.015,111.2135,115.7422,163.2848
39.1244,59.3996,109.0168,78.0166,122.9695
76.4542,81.6358,53.8458,86.4094,100.7169
55.0745,79.3168,52.7121,131.4071,127.9183
54.8199,83.6788,28.9994,67.6577,117.1064
38.9549,8.3584,89.5431,99.8998,108.3465
56.196,69.2592,92.6567,87.839,53.2097
47.0653,252.7281,89.8308,52.4268,124.2006
52.143,73.9475,50.7923,94.5333,73.5846
54.6367,-22.594,115.1839,99.8132,55.0746
35.8063,60.2962,91.8542,86.1413,78.1123
86.1441,56.2355,90.1443,129.7395,107.3402
26.4104,53.4558,108.9862,89.641,139.9351
27.0759,81.4785,37.6346,-103.8729,100.6966
59.4458,101.4313,84.9522,-51.549,-5.5631
63.0273,61.1507,69.1228,119.9459,41.9493
50.7951,43.0632,57.2466,97.3167,47.4505
36.0921,62.625,101.3536,116.2922,-29.2448
47.3202,43.3197,43.0949,103.2808,84.158
75.5705,61.5022,100.3988,122.1115,75.071
81.4152,76.5541,105.4554,55.5099,71.6242
66.4274,27.2803,65.8694,29.2895,117.8585
61.9056,32.6171,50.3187,88.2624,63.5582
21.0224,90.9192,95.6139,47.7211,90.6863
50.2284,-1.7407,46.6966,87.064,105.2413
62.7699,89.1135,82.102,74.1086,115.3678
67.5672,54.4014,89.4552,51.9248,34.9991
56.4801,91.8936,164.2031,78.7302,106.5298
45.0357,57.5155,23.027,87.5791,70.3929
54.4148,39.1381,45.1076,84.0387,65.1228
64.2444,89.5603,82.4813,90.725,80.9712
46.4113,34.0765,45.5002,82.2611,83.1603
23.4104,31.4732,53.3784,68.9995,82.5625
80.8514,67.7431,108.9798,45.0852,92.4739
58.6586,72.34,42.9597,63.0641,74.4213
35.0895,76.1366,91.3055,43.461,82.7372
46.7358,88.468,104.301,81.9831,96.2815
65.0003,63.5726,106.1105,48.1805,71.3005
37.144,75.7161,82.0007,79.4844,99.2321
51.1022,51.2885,107.6468,139.5763,94.0648
34.7513,69.3561,68.8184,66.7244,51.4524
16.4511,73.1458,77.6463,72.4001,42.7849
61.4532,69.4307,91.6014,84.0239,83.4117
51.2815,74.4098,115.8142,78.2618,67.6167
41.5723,54.5492,75.5726,40.4865,92.1419
50.1477,37.4716,77.3021,-12.0321,51.1466
72.1386,94.106,101.798,124.0392,75.2634
21.1177,47.2528,122.6154,113.4347,97.2525
26.9788,57.3433,48.8816,91.121,68.6031
70.7531,63.9478,34.2782,89.0793,100.7878
42.6611,40.0893,124.8994,62.1263,123.6085
51.5619,73.2838,59.6196,121.8652,99.7168
71.524,54.8666,94.93,54.3691,76.2191
30.0945,83.9446,110.9705,73.608,58.0006
80.7224,25.3196,85.5214,76.2547,81.6756
32.8613,86.0289,72.0409,91.4522,111.3918
56.1169,73.3663,106.6947,63.5216,86.205
35.5526,-8.7949,-10.3903,49.2935,112.8669
33.1058,56.2147,82.9566,63.8613,87.7133
33.6051,62.2734,73.0612,62.5468,81.5598
43.6181,74.0736,74.6279,96.568,103.0557
62.0986,39.3131,78.7693,114.4091,59.0695
62.1521,84.5633,90.2182,131.9564,85.4013
96.3906,71.9463,59.9433,101.5157,66.4327
13.1347,91.7937,129.9932,80.5129,99.9955
10.2231,68.4616,29.9491,52.9149,111.753
42.7023,69.7635,65.8981,66.836,115.2258
50.1155,116.3667,88.2744,88.676,111.1466
33.8508,68.3555,0.4462,75.8887,116.7725
57.8088,44.1508,56.3907,91.4031,123.9931
40.7613,-15.3871,52.5514,62.2337,40.5972
23.7793,53.1692,28.0169,122.2626,90.3157
79.2033,83.3228,75.1132,106.3709,117.3001
5.7314,131.2096,16.9212,113.9666,111.5588
69.716,78.6611,45.06,71.0399,101.311
47.0402,81.6472,51.0461,51.8116,62.0989
35.2149,18.745,98.4579,61.0453,101.8678
45.7739,75.5284,69.4496,117.6717,120.1646
74.7913,51.9497,82.3008,135.9153,108.1891
50.1838,69.5964,12.8384,89.0723,107.0307
34.2777,34.969,56.5858,90.7474,37.8305
19.0582,108.9414,72.9097,92.3008,97.5912
49.7444,68.8159,-13.5411,81.4489,94.9869
36.6301,31.7678,79.2989,99.307,134.8269
41.2701,98.2831,22.1775,116.2839,56.5784
65.5072,73.7809,43.0589,90.0053,129.4334
35.4248,64.3728,129.5706,107.9275,128.6373
68.3913,56.0038,107.3882,51.8415,88.0983
70.8797,36.9324,34.2488,74.6104,70.643
8.2171,70.7596,79.372,111.9935,79.6168
17.5159,70.5848,72.9717,133.3343,109.3163
19.9353,72.6491,94.313,74.0784,90.5027
57.6293,77.6077,78.7513,29.9717,89.827
56.2673,46.501,44.6549,64.2819,63.2646
57.3313,34.0815,92.372,73.5924,69.6895
51.7537,69.8073,83.5547,83.2082,128.2549
73.0439,40.5723,43.2081,64.5478,77.8141
40.8895,52.4533,56.9486,90.2207,74.4849
28.4457,56.1359,47.7688,50.9019,123.7001
47.5908,27.6958,80.4265,53.2073,72.9751
35.5088,34.3288,60.6076,71.3537,104.7555
43.7761,38.3636,79.3996,101.0665,92.8774
40.2851,86.6124,65.1142,64.4756,62.4613
46.1976,75.742,96.7578,26.9437,104.3021
44.8135,81.1827,113.7851,91.8341,98.8416
46.5202,54.7222,71.0282,92.5109,109.5052
63.7531,84.0375,61.0956,104.2743,95.458
83.9017,48.1344,30.9775,39.33,129.1268
78.7262,57.3725,43.0395,100.5446,105.562
33.199,82.3719,63.0289,120.4677,65.4032
26.6353,91.3333,54.7273,114.4074,68.0904
70.8153,49.9126,52.0571,106.3874,42.138
72.0094,25.4802,41.2061,131.6273,88.7815
49.6879,29.99,48.232,18.8913,102.7753
35.329,87.5228,76.8494,126.6401,72.0811
78.0782,61.1532,69.3288,42.7443,93.6686
83.8969,78.5817,48.981,111.3547,131.0901
26.7584,15.1728,36.1093,113.7905,111.1461
42.7424,73.0174,67.8619,84.0305,65.7771
40.6794,99.5736,80.1122,95.4571,116.2543
51.8087,89.7423,43.0754,109.1273,49.8512
20.7903,37.587,-36.0227,38.7671,114.6091
126.1844,29.3482,61.332,85.7073,109.4584
61.3572,65.3536,81.9016,96.9879,82.2457
92.3543,42.6353,40.7407,41.8217,77.3233
76.9859,112.8154,98.4886,98.0542,34.5942
76.6072,40.3398,52.6692,22.1522,58.4954
-19.8907,83.8551,57.3337,63.1279,88.4054
45.6417,51.9293,43.8012,95.1092,94.9638
64.7672,83.3357,71.8924,49.9293,72.0061
10.5633,67.7696,104.2799,53.4413,102.3196
63.5002,44.0024,58.2517,76.3497,62.3528
63.587,86.8174,58.4219,39.3949,125.2687
42.8685,76.8701,43.0994,102.6049,62.4101
59.7793,72.3717,35.7953,13.9735,87.7625
64.5244,44.6723,35.0592,67.4842,82.5829
32.4098,65.4948,56.9883,61.3736,49.8487
75.5606,50.5776,147.4971,84.8908,115.4498
48.6805,57.394,57.0177,132.876,165.3347
42.456,70.8458,22.0724,81.2163,111.1309
25.2117,31.4946,60.733,72.1503,77.7758
30.7583,52.6576,72.0426,94.6004,50.9204
58.172,54.9024,45.8989,70.5827,116.9724
57.9909,11.4371,84.2475,84.565,49.0966
55.0262,66.8639,22.9944,44.9922,80.6691
22.4893,36.3909,63.8631,90.901,108.2041
71.9022,82.5034,87.3656,88.6075,85.9813
12.7348,51.4328,64.9598,68.1185,54.5737
47.4941,54.5213,98.4824,70.6342,120.5857
3.7132,28.8314,58.6352,60.2772,-44.3541
41.0706,10.401,81.7006,75.8092,86.3347
48.268,44.2243,55.7615,87.9909,115.7628
41.0367,51.4468,91.9539,59.4746,90.5734
68.7327,51.7944,75.6614,100.4642,90.2194
19.1198,34.2559,60.5903,56.5269,86.3678
55.5293,53.9207,85.3875,118.4994,60.8869
78.2417,-2.6247,53.5924,85.498,66.6421
13.7346,110.7216,133.1101,83.2726,118.3342
37.7296,5.6986,18.0262,99.93,48.8888
31.9784,47.4032,64.4328,84.1904,108.9016
81.3997,61.7773,42.8615,100.9243,82.7082
64.153,72.873,90.2534,81.6648,80.6703
78.5024,47.0198,122.1204,110.6051,80.4807
32.0544,47.8648,48.2344,11.0267,69.1977
72.4441,50.5103,45.4706,30.7793,116.3357
59.6475,72.3687,53.6908,60.093,71.9178
48.2585,52.1154,68.5715,106.0033,56.1418
29.3447,50.588,79.9806,48.9711,68.7769
26.4984,34.7681,85.2905,70.4325,107.1789
82.2767,43.1842,133.8082,105.0698,127.2159
41.8087,43.5206,70.3856,64.8572,85.7997
61.4137,16.1834,115.4556,123.1405,42.4175
55.2326,72.3497,50.5454,90.4123,79.0168
49.989,45.4588,78.5186,69.1969,127.1582
55.3622,102.5664,78.9079,93.5434,69.2672
39.6693,48.2357,86.4277,55.4812,90.3452
52.2053,112.7582,76.2977,57.6644,76.3049
74.2074,36.9873,78.1313,57.2987,126.8749
59.1748,29.6468,-69.8774,73.9172,82.7042
88.4277,80.8262,80.3828,58.1774,149.0734
40.8935,110.3685,84.2734,37.3658,96.9244
62.3459,49.364,77.8711,98.8011,101.0329
56.5539,75.2532,47.257,67.5878,111.8758
41.9295,69.3125,74.562,12.0435,74.3735
50.5669,58.3616,56.3022,12.4544,125.455
19.2493,104.1147,80.9242,79.2358,125.7206
58.6949,57.0343,65.2573,48.968,96.7571
30.6369,72.1579,72.4464,80.6536,62.7718
36.4645,47.7584,70.9514,72.172,85.9455
59.0673,84.6042,60.0524,117.9113,74.4376
58.8779,167.2502,39.8459,100.5253,84.9245
40.2654,45.6555,54.1921,64.0908,118.4847
56.4481,86.5444,67.5952,89.7878,105.6338
57.1295,90.479,72.9307,54.5912,89.7884
41.853,12.825,82.1201,72.4341,86.133
10.0703,47.4292,102.9278,94.3995,73.7075
81.9142,83.2849,91.2,95.5989,103.0145
28.7924,71.647,58.422,48.0133,56.6699
29.2684,67.285,81.4071,119.2036,64.5165
61.773,30.134,56.174,56.5466,71.5408
43.9179,76.4532,89.3988,85.803,84.6601
48.3218,64.7505,79.2179,91.1313,103.7938
39.5541,73.1554,73.3991,90.5454,39.8344
145.8041,92.5066,30.559,92.1626,49.0006
75.4167,28.157,37.4954,87.0516,34.032
28.5427,48.2332,43.6381,57.4586,84.8016
38.975,73.326,84.078,83.5953,87.3309
66.3578,70.4783,60.9862,67.3088,99.9974
20.9735,68.9261,81.0553,85.5692,-52.3352
57.4423,83.1542,82.4549,10.7522,78.2473
46.9675,70.9747,82.2724,113.3759,97.268
60.5326,60.9603,20.1019,111.9502,77.5508
58.6075,47.3906,42.5289,69.079,57.7325
72.4786,49.5077,55.2229,128.9148,51.0301
57.7982,79.4621,69.8921,102.3317,109.586
4.8344,30.9113,109.3466,58.376,69.2021
49.5654,74.747,81.555,89.4028,122.0219
24.5116,48.71,105.7491,119.5835,69.7428
19.7305,62.0225,56.7182,108.0537,15.2859
60.0647,69.492,120.2518,90.1398,58.9194
55.0366,28.9484,62.1276,106.5709,126.5742
-0.51,50.3998,84.3168,114.7611,55.1324
33.3324,56.7202,59.7766,77.6561,101.9075
86.9069,78.4256,72.5899,100.0452,54.3177
40.949,58.5298,46.572,73.2813,56.0725
44.5081,75.4001,27.9589,85.7491,89.2102
60.3152,78.2395,94.0421,126.5196,98.4045
49.474,73.3081,-102.0309,98.0706,113.1978
44.953,30.0566,74.6746,99.5829,184.2917
60.9599,60.6202,56.4789,54.9694,37.9512
49.2651,56.6709,163.4843,79.9643,70.319
29.0165,88.5577,66.2377,59.4651,129.9368
65.6818,65.9752,91.5849,63.8936,107.4567
61.1274,31.7657,41.3195,115.2557,100.7164
46.6344,65.9601,58.5355,-20.7203,60.7158
49.3399,22.9828,65.9926,71.506,129.5779
62.4097,58.8049,67.5081,113.0484,43.4389
126.5736,78.0645,82.9188,100.8969,46.9119
64.0984,61.3664,82.572,82.5902,110.9645
25.2342,76.5407,67.5076,134.8382,76.0984
66.3424,48.0435,70.2258,128.2815,73.238
29.0264,0.3967,52.716,109.7883,81.8531
63.5752,50.2763,64.7713,63.5609,123.6873
83.88,56.6269,63.3338,59.6528,-3.1236
-1.2375,152.7961,53.3328,66.6331,120.1779
53.4939,88.2943,43.9779,102.7687,92.275
80.2336,22.3628,93.1755,113.2109,72.4155
62.7014,78.8119,22.9701,68.6649,104.2223
79.2964,64.5245,88.2177,68.0383,68.6827
58.788,90.3146,85.2552,73.6656,57.9134
39.3426,11.8201,71.2326,72.9969,83.8878
46.7932,52.6211,87.586,45.9828,52.2109
57.3509,57.3931,109.0475,99.5722,68.863
32.1953,90.9051,46.1387,50.8637,67.7477
21.489,43.6501,78.7245,64.2028,138.1012
63.1154,46.8645,55.5026,82.4948,77.9397
52.8487,35.8322,67.7736,-14.845,71.5788
65.6282,47.1219,65.18,48.2174,66.4655
87.6376,49.091,27.493,52.2948,128.3325
51.0063,50.0215,43.0836,86.4206,150.7266
47.5967,16.9188,70.6491,84.2986,102.2036
61.1487,43.4765,52.0064,44.5803,92.5973
24.0814,90.6118,95.8209,82.7159,56.2239
61.874,106.1586,114.7197,139.1639,59.6785
86.7946,54.7692,100.7205,70.2089,88.4302
9.2901,90.2358,78.6651,69.2011,110.0231
65.8589,63.5382,73.7371,118.6546,68.4829
57.5218,59.4336,-60.2898,111.5119,43.3813
95.326,43.882,101.5155,123.8647,129.3707
63.8572,57.1705,91.4819,102.0759,83.2025
79.9568,71.0281,50.2786,67.7868,97.2303
58.1601,52.5715,94.3924,104.005,104.4783
47.3485,35.0955,68.9052,69.1319,151.8529
49.0716,78.2838,38.0763,72.8465,69.9112
17.3032,46.6672,72.4067,66.2172,133.1531
63.4299,41.619,30.9079,79.4664,110.8839
52.2065,48.512,76.0014,75.9129,127.9989
4.6315,61.1536,40.4139,71.486,111.283
32.1216,71.3871,95.5426,57.8667,-17.0993
66.2115,49.439,63.1239,116.7032,71.5763
43.8026,60.2384,91.8983,81.6895,113.711
78.0178,51.8953,98.6149,28.3752,90.5925
39.655,71.6543,53.9056,66.7497,76.4474
101.6687,67.447,73.1406,21.3754,63.598
97.3528,61.2999,65.256,144.382,31.5922
61.2469,77.1361,87.7356,112.1371,135.6551
81.3252,62.9933,98.4741,40.4801,62.81
37.0494,78.9041,76.0698,82.9457,75.9901
42.6332,51.6348,90.1425,57.3494,96.6804
-21.8886,46.3434,29.708,91.1036,98.5656
34.7652,18.2364,82.774,42.7397,66.9661
54.9671,121.8866,77.6406,53.4393,117.7989
38.6129,31.6655,39.8418,-97.9826,110.488
27.8433,72.1659,85.1535,102.6973,75.4132
36.9963,74.7676,69.0907,42.7423,83.4262
64.6147,65.7556,46.1122,123.8911,39.6817
6.5722,7.4704,53.8872,158.8719,63.1146
84.5098,63.7213,87.7755,69.819,36.7139
32.3684,29.1262,68.5089,105.1235,-64.8443
123.3007,72.6337,61.5724,107.065,85.6373
71.5751,71.0622,68.4015,102.2727,122.6803
61.3858,18.2689,151.2268,91.6179,65.2722
16.5587,81.9554,55.0083,77.1387,65.2595
86.2833,-54.1248,53.3374,40.4486,118.6972
39.1729,55.2594,90.1814,31.0461,97.7877
42.7462,45.7763,54.0934,115.5521,105.2877
36.4332,59.9699,29.5352,95.9735,66.5959
61.7997,96.0133,97.6554,101.5211,143.6943
28.5002,29.1579,20.6533,69.972,118.0256
32.8593,64.8206,70.4058,129.8858,92.2784
78.7266,87.1704,78.5751,89.3747,109.8711
35.5951,62.1995,47.024,130.8354,37.9785
45.2942,75.465,111.1068,82.2815,112.3626
86.5548,42.7448,42.1608,34.4897,132.9838
20.6326,57.419,91.4144,116.256,18.9355
61.6389,88.7469,94.7893,83.3647,81.6951
85.5966,48.2202,22.4222,61.0119,117.1871
92.5203,93.7949,72.1067,63.2571,67.2923
25.3459,78.773,63.1903,82.6072,125.0074
27.6564,36.9841,66.4214,90.2883,83.4516
18.0496,68.4055,59.1013,66.167,39.9643
52.4758,70.8213,89.2904,92.4768,107.7793
38.0353,56.7998,52.2379,64.0708,76.9693
32.8142,102.6714,70.8588,115.6897,91.3526
36.1365,70.3387,30.6769,71.1706,82.0981
39.3791,40.2752,107.8146,93.0012,51.6853
74.0523,54.4401,86.6116,67.6995,114.9172
68.7686,27.099,59.8163,93.5673,81.946
54.5372,91.8813,79.1186,69.7246,105.6379
46.379,92.796,66.0365,79.5596,65.4696
59.6198,46.4002,74.7358,-6.9088,77.1429
51.5099,48.5915,7.1553,118.2152,84.1265
39.4123,71.8289,76.0175,49.9374,96.5119
62.1839,53.2364,17.2543,99.5911,76.9609
36.9336,82.0522,51.6328,61.3027,116.9644
51.9379,49.9145,63.1044,98.9965,61.8286
86.3341,73.2039,111.7261,89.2052,123.7997
52.8633,83.1501,62.0521,98.492,58.4127
25.4012,57.7753,77.2413,68.7403,80.3162
87.7633,51.4573,43.4721,100.6681,127.3587
59.309,41.0131,80.0876,73.1034,121.0402
61.9631,29.9487,106.6854,60.477,84.513
80.5928,85.9769,76.3062,53.8066,127.4925
51.0916,48.1216,81.7663,104.4027,137.618
42.7662,117.2138,37.6551,90.0695,101.1869
43.5915,65.0654,63.0794,91.3053,86.6485
58.4905,79.3641,64.4575,125.3898,88.086
57.4946,53.6815,128.6385,64.1325,113.0459
83.562,89.3143,63.9222,90.5557,57.326
49.2881,50.2721,64.0998,84.7348,75.4541
66.9137,22.6645,19.3047,95.824,135.1413
57.5783,30.4177,85.5469,75.6698,56.3973
12.7184,74.5835,46.5157,96.9442,48.3327
62.7249,50.8948,66.3696,62.8204,109.4731
27.0883,48.7006,64.2013,71.4257,136.074
6.6639,37.2166,70.3043,57.0409,43.4212
57.4069,69.7928,85.5609,7.9386,140.9952
36.8361,33.2102,73.2476,135.1625,122.5165
18.8998,47.3529,69.8808,61.2002,51.0811
43.1393,76.3175,88.7129,47.9893,122.8117
23.9453,73.3986,86.8769,89.8463,80.0527
93.4067,78.9298,97.2364,42.9084,105.5462
41.1738,57.8618,43.4091,102.0906,99.9578
57.5441,73.8478,55.1249,67.2224,91.7533
32.6381,57.2839,113.9914,70.0618,130.5073
38.0997,49.9039,124.6342,120.5212,72.3957
52.6253,73.2623,80.0756,80.8182,91.1483
44.256,46.1086,98.3294,72.6883,105.1389
46.0853,81.0999,95.8291,51.3396,77.4481
64.0562,81.5922,33.8426,90.98,87.8
23.8168,56.9419,55.0204,74.0594,66.7488
22.8636,48.9616,61.5135,101.6268,82.1218
65.7952,82.3225,72.475,61.1308,72.0208
15.4583,96.902,138.4456,66.7626,106.2109
62.9939,69.3176,75.9656,41.4458,141.7501
63.5328,7.4564,7.4132,33.0308,112.2239
64.2055,37.2997,81.5398,124.3094,105.7849
58.6589,44.5754,96.1144,95.2581,102.0704
45.0037,52.0178,114.2839,116.8329,101.0301
42.1007,58.3813,51.747,86.1955,92.5444
40.5904,44.3208,66.1646,91.8866,113.8064
39.7143,71.6539,51.1278,90.1039,110.6017
96.1314,74.0237,65.7745,98.4079,43.1912
57.9354,20.7069,52.4541,86.496,101.6203
26.9864,92.2471,47.9289,94.2405,54.2127
40.6323,81.8545,130.1262,69.6624,90.1169
58.9094,53.0316,82.6715,98.0166,126.753
36.1788,78.9224,78.8206,2.9732,66.2764
90.5695,68.3368,85.7955,107.359,75.5936
37.628,56.6453,61.2764,101.9621,101.5053
60.0799,28.8839,40.2772,-36.5392,83.862
41.0762,83.1205,29.2204,110.3336,104.3388
49.6598,69.0909,56.6035,187.1068,76.6805
11.0255,13.505,28.7459,56.5839,93.5992
66.846,67.0881,78.7415,54.0835,67.4958
47.1661,54.5155,93.8412,107.9288,60.2322
42.1572,55.2002,43.0428,67.0556,117.3077
58.2832,90.5833,51.0982,106.7119,48.4291
53.9208,68.3123,56.5513,152.0688,83.1224
80.8197,69.2448,47.9297,104.5823,92.1132
42.2072,41.7093,80.5408,64.956,101.804
51.911,54.6573,118.2419,30.2012,101.1927
60.4883,52.8873,21.3931,95.8892,100.3604
49.8066,100.1047,87.1683,13.2263,124.1365
49.442,50.8976,97.2593,102.1382,83.2915
63.8899,49.8734,68.1888,93.1878,140.2847
38.5113,77.791,52.4543,37.0563,87.9641
41.4734,2.6388,100.0632,53.858,55.3911
71.5861,59.1486,61.6054,117.7851,155.7204
52.619,63.9354,63.211,84.9786,57.3775
47.0324,28.0715,71.1554,103.7842,47.5595
19.2368,-3.5499,66.4612,97.5517,84.666
38.358,82.8433,48.3911,45.1874,109.6415
56.1803,66.8546,123.6907,130.0435,78.1236
76.6408,55.4281,107.311,236.3535,86.2982
9.4813,67.0393,62.731,74.0582,88.178
32.4597,39.0721,30.0474,81.9373,125.895
28.1665,18.6021,54.4238,114.4191,105.3866
63.2962,65.672,122.6849,184.1084,119.4802
59.5057,81.5952,87.3789,66.1763,59.2056
72.7169,38.7047,91.1779,49.2037,86.9145
42.2124,105.2448,68.5799,71.2777,118.9947
33.217,28.2438,74.1575,90.0135,63.6923
43.3724,50.385,66.2302,71.4026,114.497
90.8366,74.4356,79.3019,100.8069,96.505
66.8291,49.5299,52.998,60.654,99.0703
52.4982,21.8125,44.9304,46.0357,104.7734
71.7103,83.2208,110.3037,72.7219,110.744
61.0723,84.5136,44.6412,73.7845,90.3996
41.7108,52.6709,36.0841,91.0479,62.8871
113.2064,64.7144,68.3528,70.4581,77.0959
86.1283,32.696,79.5502,47.6267,86.8102
40.4021,97.4833,92.6746,79.8414,89.0799
42.4283,74.0225,48.5132,55.7897,57.0037
38.2106,32.459,79.4992,69.7724,76.4975
51.7253,47.1418,79.1932,42.8466,72.1859
26.8087,74.7353,132.391,120.3059,79.3663
57.5584,73.6192,64.0175,92.067,104.8096
49.2656,71.4507,30.5638,81.0034,73.8534
120.432,52.7081,63.066,65.5945,45.4855
57.0435,77.8055,61.3137,90.0965,72.4622
63.3401,33.7292,71.5361,14.5258,186.9728
28.2921,72.3822,63.0886,83.0141,51.0152
65.0057,145.9497,78.2759,122.395,115.507
55.2513,56.0215,98.7693,80.3877,97.1002
50.2762,79.1098,74.4216,80.4309,33.8629
43.4131,91.4782,48.5359,64.4084,93.5778
15.8477,50.7195,61.6872,93.3777,234.4867
52.4033,43.8701,1.2514,94.0905,73.0044
28.665,44.4994,105.5241,88.7298,71.2421
45.9318,82.5095,118.9002,85.3587,96.9981
54.951,56.3794,58.8415,73.8436,64.2853
85.5053,59.2848,68.4503,41.7786,106.663
40.2421,60.7272,71.9265,109.0647,91.1445
55.3552,77.5216,88.4365,230.4504,101.2667
82.4488,70.5017,46.9113,115.0107,108.3468
63.0754,78.8808,47.7954,68.0134,103.3523
27.7153,57.7995,64.4892,90.7658,86.5066
83.4324,81.6379,78.5344,78.8321,44.6428
65.01,42.3266,58.7882,101.8881,118.6046
48.8707,45.8665,101.289,61.2322,112.0832
